ICAO,Registration,ModelICAO,Manufacturer,Model,ManufacturerAndModel,IsPrivateOperator,Operator,AirlineCode,SerialNumber,YearBuilt
407046,G-WYDN,EC45,Airbus Helicopters,H145,Airbus Helicopters H145,0,UK HEMS,HLE,20084,2016
40712B,G-SRBM,B350,Textron Aviation,B300 Super King Air 350,Textron Aviation B300 Super King Air 350,0,The Little Jet Company,LJC,FL-1072,2016
407152,G-DSAA,A169,Leonardo,AW169,Leonardo AW169,0,Specialist Aviation Services,PLC,69027,2016
4071AA,G-WENU,EC45,Airbus Helicopters,MBB-BK 117 D-2 (H145),Airbus Helicopters MBB-BK 117 D-2 (H145),0,Wales Air Ambulance,HLE,20112,2016
4071C7,G-ONEF,B744,Boeing,747 428ERF,Boeing 747 428ERF,0,One Air,HGO,32870,2004
407230,G-CLTN,GLID,Schempp-Hirth,Ventus 2C FES,Schempp-Hirth Ventus 2C FES,1,Private,,5,2017
4073FF,G-VNAM,O1,Cessna,O-1A Bird Dog,Cessna O-1A Bird Dog,0,O-1 Aviation Ltd,,21666,1951
40742E,G-CKOF,B789,Boeing,787-9 Dreamliner,Boeing 787-9 Dreamliner,0,Norse Atlantic Airways UK,UBT,38786,2017
4074D4,G-CKWD,B789,Boeing,787-9 Dreamliner,Boeing 787-9 Dreamliner,0,Norse Atlantic Airways UK,UBT,38789,2018
4075C1,G-CKWN,B789,Boeing,787-9 Dreamliner,Boeing 787-9 Dreamliner,0,Norse Atlantic Airways UK,UBT,63317,2018
4075C2,G-CKWP,B789,Boeing,787 9,Boeing 787 9,0,Norse Atlantic Airways UK,UBT,63318,2018
4075C3,G-CKWS,B789,Boeing,787-9 Dreamliner,Boeing 787-9 Dreamliner,0,Norse Atlantic Airways UK,UBT,63319,2019
4075C4,G-CKWT,B789,Boeing,787-9 Dreamliner,Boeing 787-9 Dreamliner,0,Norse Atlantic Airways UK,UBT,63320,2019
4076B0,G-TAWY,B738,Boeing,737-8K5,Boeing 737-8K5,0,TUI Airways,TOM,37246,2012
40775C,G-RUKA,B738,Boeing,737-8AS,Boeing 737-8AS,0,Ryanair UK,RUK,44687,2014
407812,G-KION,C525,Cessna,Citation CJ1,Cessna Citation CJ1,0,Naljets,APX,525-0292,
40784F,G-LUSO,PC12,Pilatus,PC-XII 47E,Pilatus PC-XII 47E,0,Raven Air,RVR,1880,2019
407886,G-RGAL,DA40,Diamond,DA40 Diamond Star,Diamond DA40 Diamond Star,0,Romeo Golf Aviation,,407886,2007
40789C,G-TESC,DA40,Diamond,DA-40D Diamond Star,Diamond DA-40D Diamond Star,1,Private,,D4.286,
4078F8,G-NHVV,EC75,Airbus Helicopters,EC175 B (H175),Airbus Helicopters EC175 B (H175),0,NHV Helicopters,NHZ,5002,2014
4078FE,G-DRTP,B738,Boeing,737-8AL,Boeing 737-8AL,0,Jet2.com,EXS,39067,2013
407906,G-JBVW,BL8,American Champion,8KCAB,American Champion 8KCAB,1,Private,,813-98,1998
407920,G-CLYD,VNTE,Schempp-Hirth,Ventus 3F,Schempp-Hirth Ventus 3F,1,Private,,085 FS,
40796A,G-TUML,B38M,Boeing,737 MAX 8,Boeing 737 MAX 8,0,TUI Airways,TOM,44614,2020
40796B,G-TUMM,B38M,Boeing,737 MAX 8,Boeing 737 MAX 8,0,TUI Airways,TOM,44654,2020
40796C,G-TUMN,B38M,Boeing,737 MAX 8,Boeing 737 MAX 8,0,TUI Airways,TOM,44655,2020
40797C,G-ZBLE,B78X,Boeing,787-10 Dreamliner,Boeing 787-10 Dreamliner,0,British Airways,BAW,60641,2021
4079B4,G-RIDC,B429,Bell,429 GlobalRanger,Bell 429 GlobalRanger,0,National Grid Electricity,,57398,2020
4079CC,G-VLIB,A35K,Airbus,A350-1041,Airbus A350-1041,0,Virgin Atlantic,VIR,507,2021
4079CD,G-VEVE,A35K,Airbus,A350-1041,Airbus A350-1041,0,Virgin Atlantic,VIR,492,2021
4079D2,G-LCAG,E190,Embraer,ERJ 190-100 SR,Embraer ERJ 190-100 SR,0,BA CityFlyer,CFE,19000560,2012
4079D3,G-LCAH,E190,Embraer,ERJ 190-100 SR,Embraer ERJ 190-100 SR,0,BA CityFlyer,CFE,19000564,2012
4079E6,G-GPOT,A109,AgustaWestland,AW109SP Grand New,AgustaWestland AW109SP Grand New,0,Castle Air,,22259,2012
4079F7,G-TTNN,A20N,Airbus,A320-251N,Airbus A320-251N,0,British Airways,BAW,10344,2020
4079FA,G-BMGC,SWOR,Fairey,Swordfish Mk 1,Fairey Swordfish Mk 1,0,Fly Navy Heritage Trust,,W5856,1941
407A2E,G-CMJO,PC9,Pilatus,PC-9A,Pilatus PC-9A,1,Private,,533,1990
407A3F,G-GBNI,A21N,Airbus,A321-253NX,Airbus A321-253NX,0,Titan Airways,AWC,10238,2020
407A68,G-CMGU,G109,Grob,G109B,Grob G109B,0,Aerobility,,6525,1990
407A9A,G-CLVG,VENT,Schempp-Hirth,Ventus 3T,Schempp-Hirth Ventus 3T,1,Private,,122TP,
407AA6,G-LDMC,A33P,Schleicher,AS 33 ES,Schleicher AS 33 ES,1,Private,,33008,2021
407AAE,G-NJAA,C56X,Cessna,Citation XLS,Cessna Citation XLS,0,Netjets UK,NJU,560-5787,2008
407AAF,G-NJAB,C56X,Cessna,560XL Citation XLS,Cessna 560XL Citation XLS,0,Netjets UK,NJU,560-5789,2008
407AB0,G-NJAC,C56X,Cessna,Citation XLS,Cessna Citation XLS,0,NetJets UK,NJU,560-5791,2008
407ABF,G-VIDA,EFOX,Aeropro,Eurofox 3K,Aeropro Eurofox 3K,1,Private,,60921,2021
407AC3,G-TUMP,B38M,Boeing,737 MAX 8,Boeing 737 MAX 8,0,TUI Airways,TOM,44616,2021
407AE1,G-FHFX,E550,Embraer,Praetor 600,Embraer Praetor 600,0,Flexjet Europe,FLJ,55020121,2019
407AE4,G-CLXX,EFOX,Ascent Industries,Eurofox 2K,Ascent Industries Eurofox 2K,1,Private,,60821,2020
407AF1,G-ZBLF,B78X,Boeing,787-10 Dreamliner,Boeing 787-10 Dreamliner,0,British Airways,BAW,60642,2021
407AF2,G-ZBLG,B78X,Boeing,787-10 Dreamliner,Boeing 787-10 Dreamliner,0,British Airways,BAW,60643,2022
407AF3,G-XWBI,A35K,Airbus,A350-1041,Airbus A350-1041,0,British Airways,BAW,473,2021
407AF4,G-XWBK,A35K,Airbus,A350-1041,Airbus A350-1041,0,British Airways,BAW,495,2020
407AF5,G-XWBJ,A35K,Airbus,A350-1041,Airbus A350-1041,0,British Airways,BAW,490,2020
407AF8,G-HITB,A109,Agusta,A109S Trekker,Agusta A109S Trekker,0,Elstree Ink Ltd.,,22736,2020
407B04,G-CLSN,E190,Embraer,ERJ 190-100 LR,Embraer ERJ 190-100 LR,0,Eastern Airways,EZE,19000130,2007
407B21,G-DIIO,ARCP,Schempp-Hirth,Arcus M,Schempp-Hirth Arcus M,1,Private,,235,
407B2A,G-RJMC,EFOX,Aeropro,Eurofox 2K,Aeropro Eurofox 2K,1,Private,,61321,
407B42,G-DUNO,B505,Bell,505 Jet Ranger X,Bell 505 Jet Ranger X,1,Private,,65311,2020
407B46,G-CLVE,EFOX,Ascent Industries,Eurofox 3K,Ascent Industries Eurofox 3K,1,Private,,61421,2021
407B4B,G-COMS,DA42,Diamond,DA-42 Twin Star,Diamond DA-42 Twin Star,0,Jomico LLP,,42.AC040,2007
407B55,G-WUKN,A21N,Airbus,A321-271NX,Airbus A321-271NX,0,Wizz Air UK,WUK,10333,2021
407B70,G-WUKO,A21N,Airbus,A321-271NX,Airbus A321-271NX,0,Wizz Air UK,WUK,10479,2021
407B77,G-IANM,LK17,Sportine Aviacija,LAK-17AT,Sportine Aviacija LAK-17AT,1,Private,,156,2004
407B7E,G-CLYA,C42,Ikarus,C42 FB80 Bravo,Ikarus C42 FB80 Bravo,0,Perranporth Flying Club,,2012-7634,2021
407B80,G-CLYJ,C42,Ikarus,C42 FB100 Charlie,Ikarus C42 FB100 Charlie,0,Orbis Management,,2011-7620,2021
407B84,G-CLWY,SKRA,Best Off,Skyranger Swift,Best Off Skyranger Swift,1,Private,,1144-7,2021
407B86,G-DVII,A139,Leonardo,AW139,Leonardo AW139,0,Executive Jet Charter Ltd.,,31957,2021
407B8B,G-WUKP,A21N,Airbus,A321-271NX,Airbus A321-271NX,0,Wizz Air UK,WUK,10357,2021
407B8E,G-TTNR,A20N,Airbus,A320-251N,Airbus A320-251N,0,British Airways,BAW,10493,2021
407B8F,G-TTNP,A20N,Airbus,A320-251N,Airbus A320-251N,0,British Airways,BAW,10548,2020
407B90,G-SPLU,NNJA,Flylight Airsports,Nynja,Flylight Airsports Nynja,1,Private,,316-6,2021
407B95,G-JSNS,G280,Gulfstream,G280,Gulfstream G280,0,Gama Aviation,GMA,2216,2020
407B96,G-EKTP,SB91,Saab,91D Safir,Saab 91D Safir,1,Private,,91-464,1964
407B9D,G-ULTB,EC45,Airbus Helicopters,H145,Airbus Helicopters H145,0,Starspeed,,20089,2016
407B9E,G-ULTC,EC45,Airbus Helicopters,H145,Airbus Helicopters H145,0,Starspeed,,20090,2016
407BA4,G-FBPS,C208,Cessna,Caravan 208B,Cessna Caravan 208B,0,British Parachute Schools Ltd.,,208B0494,1995
407BA5,G-FLOH,C208,Cessna,208B Grand Caravan,Cessna 208B Grand Caravan,0,British Parachute Schools,,208B0576,1996
407BA8,G-CLXB,SPIT,Spitfire,Mk.TIX,Spitfire Mk.TIX,1,Private,,CBAF8381,
407BB3,G-VBDT,C172,Cessna,FR172J,Cessna FR172J,1,Private,,0438,1973
407BB7,G-CMAH,C152,Cessna,152,Cessna 152,0,Brinkley Aviation,,15281710,1978
407BB8,G-CMAI,C152,Cessna,152,Cessna 152,0,Brinkley Aviation,,15280418,1978
407BBA,G-CMAK,C152,Cessna,152,Cessna 152,0,Brinkley Aviation,,15285751,1983
407BBD,G-NGTC,EXNG,Extra,NG,Extra NG,0,Skyboard Aerobatics,,NG021,2021
407BC0,G-CLZV,CLON,RotorSport UK,Cavalon,RotorSport UK Cavalon,1,Private,,RSUK/CVLN/035,2021
407BC4,G-LOBX,GL7T,Bombardier,Global 7500,Bombardier Global 7500,0,Jet Concierge Club,JCO,70053,2020
407BC5,G-ULFX,GA6C,Gulfstream Aerospace,GVII (G600),Gulfstream Aerospace GVII (G600),0,Rock Aviation,,73047,2020
407BCF,G-NJAD,F2TH,Dassault,Falcon 2000EX,Dassault Falcon 2000EX,0,Netjets UK,NJU,41,2004
407BDC,G-RUKB,B738,Boeing,737-8AS,Boeing 737-8AS,0,Ryanair UK,RUK,44690,2014
407BDD,G-CMJL,AT76,Aerospatiale ATR,72-600,Aerospatiale ATR 72-600,0,Emerald Airlines,EAI,1326,
407BDE,G-CMFL,AT76,ATR,72-600,ATR 72-600,0,Emerald Airlines UK,EAG,1339,2016
407BDF,G-WKTS,BE9L,Beech,90 King Air,Beech 90 King Air,0,DEA Aviation,WKT,LW-188,1976
407BE0,G-BKSK,QIC2,Tri-Q,200 Quickie,Tri-Q 200 Quickie,1,Private,,PFA 094A-10765,1983
407BE2,G-EILA,A333,Airbus,A330-302,Airbus A330-302,0,Aer Lingus UK,EUK,1106,2010
407BE6,G-EIDY,A333,Airbus,A330-302,Airbus A330-302,0,Aer Lingus UK,EUK,1025,2007
407BE7,G-CMAD,ULAC,,Tanarg/Bionix 13 912S(2),Tanarg/Bionix 13 912S(2),1,Private,,BMAA/HB/735,2021
407BE9,G-HYPE,SLG4,Sling,4,Sling 4,1,Private,,LAA400A-15698,2021
407BEA,G-CLXT,AT73,ATR,72-212(F),ATR 72-212(F),0,West Atlantic,NPT,446,1995
407BEC,G-ETPO,A109,AgustaWestland,AW109S,AgustaWestland AW109S,0,Castle Air,,22165,2010
407BED,G-EIRH,A21N,Airbus,A321-253NX,Airbus A321-253NX,0,Aer Lingus UK,EUK,10319,2021
407BEE,G-ETPN,A109,Agusta,A109S,Agusta A109S,0,QinetiQ,BDN,22119,2009
407BEF,G-ETPP,A139,Leonardo,AW139,Leonardo AW139,0,Empire Test Pilots' School,ETP,31768,2018
407BF3,G-RGTX,Y18T,Yakovlev,YAK-18T,Yakovlev YAK-18T,1,Private,,22202047817,1981
407BF5,G-FTFX,E550,Embraer,EMB-550,Embraer EMB-550,0,Flexjet Europe,FLJ,55020142,2021
407BF6,G-RODW,EFOX,Ascent Industries,EuroFOX 2K,Ascent Industries EuroFOX 2K,1,Private,,62521,2021
407BFE,G-EGHW,B209,MBB Bolkow,Bo.209 Monsun,MBB Bolkow Bo.209 Monsun,1,Private,,170,1971
407C01,G-LODZ,AS50,Airbus Helicopters,H125,Airbus Helicopters H125,0,Airbourne Solutions,,4982,2010
407C02,G-VTLY,GLEX,Bombardier,BD-700-1A10 Global 6000,Bombardier BD-700-1A10 Global 6000,0,Gama Aviation,GMA,9456,2011
407C03,G-CLYI,PA18,Piper,PA-18-150 Super Cub,Piper PA-18-150 Super Cub,0,Aviat Aircraft,,18-8109006,1981
407C05,G-LIFB,AP32,Aeroprakt,A32 Vixxen,Aeroprakt A32 Vixxen,1,Private,,LAA411-15723,
407C0A,G-TUMS,B38M,Boeing,737 MAX 8,Boeing 737 MAX 8,0,TUI Airways,TOM,44589,2018
407C0B,G-TUMT,B38M,Boeing,737 MAX 8,Boeing 737 MAX 8,0,TUI Airways,TOM,44594,2018
407C0F,G-EMEF,S92,Sikorsky,S-92A,Sikorsky S-92A,0,CHC Scotia,HKS,920194,2012
407C10,G-TODC,KL07,Bolkow,Bo 207,Bolkow Bo 207,1,Private,,224,
407C11,G-CLYU,E190,Embraer,E190LR,Embraer E190LR,0,Eastern Airways,EZE,19000310,2004
407C16,G-JAAM,DA62,Diamond,DA-62,Diamond DA-62,0,Fly Private Ltd.,,62.156,2021
407C17,G-BLNU,BN2T,Britten Norman,BN2T Islander,Britten Norman BN2T Islander,0,Islander Aircraft,,2195,
407C18,G-BLNT,BN2T,Britten Norman,BN2T Islander AL.1,Britten Norman BN2T Islander AL.1,0,Islander Aircraft,,2194,1988
407C1A,G-LAMU,DA62,Diamond,DA 62,Diamond DA 62,1,Private,,62.068,
407C1B,G-FUJE,SUBA,Fuji,FA-200-180 Aero Subaru,Fuji FA-200-180 Aero Subaru,1,Private,,FA200-091,1971
407C1D,G-GAMB,GB1,Game,GB-1 GameBird,Game GB-1 GameBird,1,Private,,0029,2021
407C1E,G-NHVT,A169,AgustaWestland,AW-169,AgustaWestland AW-169,0,NHV Helicopters,NHZ,69134,2021
407C26,G-TUMU,B38M,Boeing,737 MAX 8,Boeing 737 MAX 8,0,TUI Airways,TOM,44651,2021
407C28,G-SORG,DA50,Diamond,DA 50 C,Diamond DA 50 C,0,Diamond Flight Training Ltd.,,50.C.A.A.008,2021
407C29,G-CLZP,NNJA,Skyranger,Nynja,Skyranger Nynja,1,Private,,320-9,
407C2A,G-HAYZ,AS50,Airbus Helicopters,AS350B3 Ecureuil,Airbus Helicopters AS350B3 Ecureuil,0,350 Air,,8835,2021
407C2C,G-MCLE,S22T,Cirrus,SR22T,Cirrus SR22T,1,Private,,0177,2011
407C2D,G-LDGG,DA42,Diamond,DA 42 NG,Diamond DA 42 NG,0,Leading Edge Aviation,,42.N436,2021
407C37,G-NNJA,NNJA,Skyranger,Ninja 912S,Skyranger Ninja 912S,1,Private,,315-8,2021
407C41,G-PEEE,RV7,Van's,RV-7,Van's RV-7,1,Private,,70463,2013
407C4C,G-PKUP,C42,Ikarus,C42 FB100 Charlie,Ikarus C42 FB100 Charlie,1,Private,,2104-7644,2021
407C52,G-YEAS,A33P,Alexander Schleicher,AS 33 Es,Alexander Schleicher AS 33 Es,1,Private,,33041,2022
407C53,G-CMAW,C42,Ikarus,C42 FB80 Bravo,Ikarus C42 FB80 Bravo,1,Private,,2012-7637,2021
407C54,G-CMBD,MT,Rotorsport,UK MTOSport,Rotorsport UK MTOSport,0,Bath Sports & Aviation,,RSUK/MTO2/015,2021
407C59,G-CMCB,EFOX,Ascent Industries,EuroFox 3K,Ascent Industries EuroFox 3K,1,Private,,63121,2021
407C5A,G-DHLC,B763,Boeing,767-323,Boeing 767-323,0,DHL Air UK,DHK,29606,1999
407C5E,G-EODS,A333,Airbus,A330-343,Airbus A330-343,0,Titan Airways,AWC,713,2006
407C62,G-FCNC,SLG2,Sonaca,S200,Sonaca S200,0,Airways Aero Associations,,018,2020
407C64,G-KEVJ,SLG4,Sling,TSi,Sling TSi,1,Private,,LAA 400A-15753,2022
407C65,G-JHEX,C55B,Cessna,550B Citation Bravo,Cessna 550B Citation Bravo,0,Dragonfly Aviation Services,CBM,550-1130,2006
407C68,G-MCSP,EC75,Airbus Helicopters,EC175 B,Airbus Helicopters EC175 B,0,Bond Offshore Helicopters,BND,5052,2021
407C6D,G-DRTJ,B738,Boeing,737-86N,Boeing 737-86N,0,Jet2.com,EXS,35647,2009
407C6E,G-RBHB,C42,Ikarus,C42 FB100 Charlie,Ikarus C42 FB100 Charlie,1,Private,,2108-7659,2021
407C70,G-CMEE,C42,Ikarus,C-42,Ikarus C-42,1,Private,,2107-7654,2021
407C71,G-OCOL,EVSS,Evektor,SportStar,Evektor SportStar,1,Private,,2022-2206,2022
407C72,G-FEMC,LJ45,Learjet,45,Learjet 45,0,Zenith Aviation,BZE,45-097,2000
407C74,G-MOFO,C172,Reims Cessna,F172M,Reims Cessna F172M,0,Northumbria Aerospace,,1192,1974
407C77,G-IMPT,EFOX,Ascent Industries,EuroFOX 2K,Ascent Industries EuroFOX 2K,1,Private,,63221,2021
407C7D,G-ICET,R44,Robinson,R44,Robinson R44,0,Ice Aviation Leasing,,30078,2021
407C7E,G-RNJW,R66,Robinson,R-66,Robinson R-66,0,Heritage Automotive Holdings Ltd.,,1001,2021
407C84,G-KINZ,MT,RotorSport UK,MTOSport,RotorSport UK MTOSport,1,Private,,RSUK/MTOS/065,2021
407C87,G-CMBO,AP32,Aeroprakt,A32 Vixxen,Aeroprakt A32 Vixxen,1,Private,,LAA 411-15724,2021
407C88,G-LMRE,AT45,ATR,42-500,ATR 42-500,0,Loganair,LOG,606,2000
407C89,G-LMSA,AT46,ATR,42-600,ATR 42-600,0,Loganair,LOG,1213,2017
407C8A,G-DHLY,B77L,Boeing,777-F,Boeing 777-F,0,DHL Air UK,DHK,67138,2022
407C8C,G-WOFT,A109,Agusta,A109E Power,Agusta A109E Power,1,Private,,11619,2004
407C91,G-JKJA,A109,Agusta,A109E Power,Agusta A109E Power,1,Private,,11675,2006
407C94,G-KRNO,A109,AgustaWestland,AW109SP,AgustaWestland AW109SP,0,Castle Air,,22298,2013
407C98,G-ULFT,GA6C,Gulfstream Aerospace,GVII (G600),Gulfstream Aerospace GVII (G600),0,Pen-Avia,PDY,73065,2021
407C9A,G-ODLA,C208,Cessna,208B,Cessna 208B,0,Dry Lease Aero,,208B1032,2003
407C9C,G-SHRS,B738,Boeing,737-8B5,Boeing 737-8B5,0,BAE Systems,BAE,29984,2001
407C9D,G-CMDW,EFOX,Ascent,EuroFox 3K,Ascent EuroFox 3K,1,Private,,63321,2021
407CA0,G-CMEG,EVSS,Evektor,EV-97 SportStar,Evektor EV-97 SportStar,1,Private,,2021-2153,2021
407CA1,G-DKSK,TL20,TL Ultralight,2000UK Sting Carbon S4,TL 2000UK Sting Carbon S4,1,Private,,LAA 347A-15775,2022
407CA9,G-SNSL,A139,AgustaWestland,AW139,AgustaWestland AW139,0,CHC Scotia,,31511,2013
407CAC,G-CMCG,TWEN,Tecnam,P2010 TDI,Tecnam P2010 TDI,0,Oriens Aviation,,146,2021
407CAF,G-RUKC,B738,Boeing,737-8AS,Boeing 737-8AS,0,Ryanair UK,RUK,40289,2010
407CB0,G-RUKD,B738,Boeing,737-8AS,Boeing 737-8AS,0,Ryanair UK,RUK,33618,2007
407CB1,G-RUKE,B738,Boeing,737-8AS,Boeing 737-8AS,0,Ryanair UK,RUK,40285,2010
407CB2,G-RUKF,B738,Boeing,737-8AS,Boeing 737-8AS,0,Ryanair UK,RUK,34177,2006
407CB3,G-RUKG,B738,Boeing,737-8AS,Boeing 737-8AS,0,Ryanair UK,RUK,36575,2008
407CB4,G-RUKH,B738,Boeing,737-8AS,Boeing 737-8AS,0,Ryanair UK,RUK,33640,2007
407CB9,G-RNWM,TBM9,Socata,TBM-940,Socata TBM-940,0,Raven Air,RVR,1395,2021
407CBA,G-DOUN,A109,Agusta,A109S Grand,Agusta A109S Grand,0,Eagle Moon,,22162,2010
407CBB,G-ZOLA,DA42,Diamond,DA 42 NG,Diamond DA 42 NG,0,Plane Rentals Ltd,,42N105,
407CBF,G-LNCC,A169,AgustaWestland,AW-169,AgustaWestland AW-169,0,Heli Service International,,69139,2021
407CC0,G-CMDD,NNJA,Skyranger,Nynja 912S(1),Skyranger Nynja 912S(1),1,Private,,BMAA/HB/739,2021
407CC4,G-LDGH,DA40,Diamond,DA40 NG,Diamond DA40 NG,0,Plane Rentals Ltd.,,40.N559,2021
407CC7,G-SLPC,SLG4,Sling,TSi,Sling TSi,1,Private,,LAA 400A-15725,2024
407CC9,G-HWPK,SLG4,Sling,4,Sling 4,1,Private,,LAA 400-15721,2022
407CCB,G-UXLA,LJ40,Learjet,45,Learjet 45,0,SaxonAir,SXN,45-2018,2004
407CCD,G-DDAD,R44,Robinson,R44,Robinson R44,0,Andrew's Whirlybirds,,30079,2021
407CD1,G-XWBL,A35K,Airbus,A350-1041,Airbus A350-1041,0,British Airways,BAW,547,2021
407CD2,G-XWBM,A35K,Airbus,A350-1041,Airbus A350-1041,0,British Airways,BAW,563,2022
407CD3,G-MUON,AS31,Schleicher,Ash 31 MI,Schleicher Ash 31 MI,1,Private,,31221,2022
407CD4,G-DHLA,B763,Boeing,767-323,Boeing 767-323,0,DHL Air UK,DHK,29603,1999
407CD5,G-DOGA,DA50,Diamond,DA50 RG,Diamond DA50 RG,0,Hughes Air,,50.C.A.A.014,2021
407CD7,G-LMTA,AT76,ATR,72-600,ATR 72-600,0,Loganair,LOG,1265,2015
407CD8,G-LMTC,AT76,ATR,72-600,ATR 72-600,0,Loganair,LOG,1257,2015
407CD9,G-LDNG,DA62,Diamond,DA-62,Diamond DA-62,0,TwinStar4Hire,,62.066,2017
407CDA,G-CMRC,C152,Cessna,152,Cessna 152,1,Private,,15282748,1978
407CDF,G-YPSE,EC30,Airbus Helicopters,EC130 T2,Airbus Helicopters EC130 T2,0,Best Holdings Ltd.,,9175,2022
407CE0,G-ZDEE,EFOX,Aeropro,Eurofox 2K,Aeropro Eurofox 2K,1,Private,,64922,2022
407CE4,G-DRTK,B738,Boeing,737-8KN,Boeing 737-8KN,0,Jet2.com,EXS,40260,2013
407CE8,G-CMFR,EFOX,Ascent Industries,Eurofox 3K,Ascent Industries Eurofox 3K,1,Private,,63721,2022
407CF1,G-NCLA,RV12,Van's,RV-12iS,Van's RV-12iS,1,Private,,LAA-363A-15643,
407CF2,G-CMCS,C177,Cessna,177B Cardinal,Cessna 177B Cardinal,1,Private,,177-02726,1978
407CF4,G-NPTE,AT73,ATR,72-211(F),ATR 72-211(F),0,West Atlantic,NPT,150,1990
407CF5,G-HJDP,B505,Bell,505 Jet Ranger X,Bell 505 Jet Ranger X,1,Private,,65361,
407CF6,G-IFMI,GLEX,Bombardier,BD-700-1A10,Bombardier BD-700-1A10,0,London Executive Aviation,LNX,60048,2022
407CF7,G-DHLX,B77L,Boeing,777F,Boeing 777F,0,DHL Air UK,DHK,67139,2022
407CFC,G-RJAP,C42,Ikarus,C42 FB 100 Charlie,Ikarus C42 FB 100 Charlie,1,Private,,2202-7676,
407CFF,G-DAAW,B209,Messerschmitt-Bolkow,Bo 209 Monsun 160RV,Messerschmitt-Bolkow Bo 209 Monsun 160RV,1,Private,,181,1971
407D00,G-WUKR,A21N,Airbus,A321-271NX,Airbus A321-271NX,0,Wizz Air UK,WUK,10871,2022
407D01,G-IFRV,RV8,Van's,RV-8A,Van's RV-8A,1,Private,,LAA 303-15792,2024
407D02,G-ICER,A169,AgustaWestland,AW169,AgustaWestland AW169,0,Iceland International,,69131,2021
407D05,G-CMCY,P212,Tecnam,P-2012 Traveller,Tecnam P-2012 Traveller,0,Oriens Aviation,,046,2021
407D06,G-GSCD,D140,Jodel,D-140C Mousquetaire III,Jodel D-140C Mousquetaire III,1,Private,,143,1966
407D09,G-FOXP,C208,Cessna,208 Caravan 1,Cessna 208 Caravan 1,0,British Parachute Schools,,20800303,1999
407D0D,G-CMCZ,P28A,Piper,PA-28-181 Archer III,Piper PA-28-181 Archer III,1,Private,,2843205,1999
407D10,G-TAWZ,B738,Boeing,737-86N,Boeing 737-86N,0,TUI Airways,TOM,32669,2006
407D14,G-PTSI,SLG4,Amateur Sling,4TSI,Amateur Sling 4TSI,1,Private,,LAA-400A-15790,2022
407D21,G-UZLN,A20N,Airbus,A320-251N,Airbus A320-251N,0,easyJet,EZY,10849,2022
407D22,G-UZLO,A20N,Airbus,A320-251N,Airbus A320-251N,0,easyJet,EZY,11530,2023
407D26,G-PGDG,RV10,Van's,RV-10,Van's RV-10,1,Private,,40706,2019
407D2A,G-CMEZ,EFOX,Aeropro,Eurofox 2K,Aeropro Eurofox 2K,0,Ascent Industries Ltd,,64622,2022
407D2E,G-ILFF,A109,Leonardo,AW109SP Grand,Leonardo AW109SP Grand,0,Flexjet,LXJ,22382,2018
407D2F,G-OAHL,AS55,Eurocopter,AS355N,Eurocopter AS355N,0,Atlas Helicopters,TDT,5540,1993
407D30,G-MSBI,F406,Reims-Cessna,F406 Caravan II,Reims-Cessna F406 Caravan II,1,Private,,F406-0077,1995
407D33,G-SRTW,SR22,Cirrus,SR22,Cirrus SR22,0,NRS Aviation,,3828,2012
407D36,G-NICU,A169,Leonardo,AW169,Leonardo AW169,0,Sloane Helicopters,,69147,2021
407D37,G-FROB,DA40,Diamond,DA 40 NG,Diamond DA 40 NG,1,Private,,40.N564,2022
407D3D,G-EOSM,ULAC,Exodus Airsports,DeltaJet 500 StingRay,Exodus Airsports DeltaJet 500 StingRay,1,Private,,EA 003,2022
407D3E,G-OWEE,B505,Bell,505 Jet Ranger X,Bell 505 Jet Ranger X,1,Private,,65394,2022
407D40,G-HITK,AS50,Airbus Helicopters,H125,Airbus Helicopters H125,1,Private,,9167,
407D44,G-WUKS,A21N,Airbus,A321-271NX,Airbus A321-271NX,0,Wizz Air UK,WUK,10891,2022
407D45,G-LMTD,AT76,ATR,72-600,ATR 72-600,0,Loganair,LOG,1237,2015
407D46,G-LMTE,AT76,ATR,72-600,ATR 72-600,0,Loganair,LOG,1283,2015
407D47,G-SNDZ,S22T,Cirrus,SR22T,Cirrus SR22T,1,Private,,2371,2021
407D49,G-CMEI,AT76,ATR,72-212 A,ATR 72-212 A,0,Eastern Airways,EZE,1231,2015
407D4A,G-CMEJ,RV8,Van's,RV-8,Van's RV-8,1,Private,,83330,2016
407D4B,G-VIXI,AP32,Aeroprakt,A-32 Vixxen,Aeroprakt A-32 Vixxen,1,Private,,A32194,
407D4C,G-TUMW,B38M,Boeing,737 MAX 8,Boeing 737 MAX 8,0,TUI Airways,TOM,44615,2022
407D4D,G-NULL,AS50,Airbus Helicopters,AS350B3,Airbus Helicopters AS350B3,1,Private,,8546,2018
407D4E,G-DWYP,NNJA,Skyranger,Nynja,Skyranger Nynja,1,Private,,BMAA/HB/743,2022
407D52,G-UNET,B744,Boeing,747-433(BDSF),Boeing 747-433(BDSF),0,One Air,HGO,25075,1991
407D53,G-PFTB,P208,Tecnam,P2008-JC,Tecnam P2008-JC,0,Blue Skies Ltd.,,1240,2022
407D54,G-PFTC,P208,Tecnam,P2008-JC,Tecnam P2008-JC,0,Bluie Skies,,1241,2022
407D55,G-PFTD,P208,Tecnam,P2008-JC,Tecnam P2008-JC,0,Bluie Skies,,1242,2022
407D56,G-PFTE,P208,Tecnam,P2008-JC,Tecnam P2008-JC,0,Bluie Skies Ltd.,,1243,2022
407D59,G-WKTL,BE20,Beech,200T Super King Air,Beech 200T Super King Air,0,DEA Aviation,WKT,BT-11,1980
407D5B,G-WUKU,A21N,Airbus,A321-271NX,Airbus A321-271NX,0,Wizz Air UK,WUK,10787,2022
407D5C,G-WUKT,A21N,Airbus,A321-271NX,Airbus A321-271NX,0,Wizz Air UK,WUK,10672,2022
407D5D,G-CMEP,P28A,Piper,PA-28-161 Warrior III,Piper PA-28-161 Warrior III,1,Private,,2816115,1995
407D5E,G-PMCW,P32R,Piper,PA32R-301,Piper PA32R-301,0,Warbird Experiences,,3246240,2006
407D5F,G-ISJE,PC12,Pilatus,PC-12/47E,Pilatus PC-12/47E,0,Raven Air,RVR,2176,2022
407D60,G-OJFA,PC12,Pilatus,PC-12/47E,Pilatus PC-12/47E,0,Ravenair,RVN,1148,2009
407D61,G-HTSI,SLG4,Sling Aircraft,4 TSI,Sling 4 TSI,1,Private,,LAA 400A-15682,2022
407D6C,G-EMLG,GLEX,Bombardier,BD-700-1A10,Bombardier BD-700-1A10,0,Harrods Aviation,,9433,2011
407D70,G-SLGG,SLG4,Sling,TSi,Sling TSi,1,Private,,LAA 400A-15797,2024
407D71,G-OHII,RV7,Van's Aircraft,RV7,Van's Aircraft RV7,0,Green Earth Ltd,,70150,2004
407D74,G-TTNT,A20N,Airbus,A320-251N,Airbus A320-251N,0,British Airways,BAW,11092,2022
407D75,G-TTNS,A20N,Airbus,A320-251N,Airbus A320-251N,0,British Airways,BAW,11026,2022
407D7A,G-NPTF,AT72,ATR,72-202,ATR 72-202,0,West Atlantic,NPT,192,1990
407D7E,G-ZDCL,CH65,Zenair,CH 650B Zodiac,Zenair CH 650B Zodiac,1,Private,,LAA 375-15454,2023
407D82,G-DKNA,L159,Aero,L-159 ALCA,Aero L-159 ALCA,1,Private,,156034,
407D84,G-LMRY,AT75,ATR,72-500(F),ATR 72-500(F),0,Loganair,LOG,855,2009
407D89,G-HUXX,H500,McDonnell Douglas,MD 369E,McDonnell Douglas MD 369E,0,Iris Aviation,,0474E,1991
407D8F,G-ZAHS,F900,Dassault,Falcon 900,Dassault Falcon 900,0,Centreline,CLF,326,2022
407D90,G-ZABH,F900,Dassault,Falcon 900LX,Dassault Falcon 900LX,0,Centreline,CLF,327,2021
407D94,G-NMCF,AS55,Airbus Helicopters,AS-355 Ecureuil 2,Airbus Helicopters AS-355 Ecureuil 2,1,Private,,5601,1996
407D96,G-VUYK,E55P,Embraer,Phenom 300,Embraer Phenom 300,0,SaxonAir,SXN,50500673,2022
407D97,G-UNIA,A169,Leonardo,AW169,Leonardo AW169,0,Uni-Fly Heliworx,,69068,2018
407D98,G-SWSD,PC24,Pilatus,PC-24,Pilatus PC-24,0,Gama Aviation,GMA,272,2022
407D99,G-JFPG,A109,Agusta,AW-109 GrandNew,Agusta AW-109 GrandNew,0,Apollo Air Services,,22438,2022
407D9A,G-CMFF,P28A,Piper,PA-28-161 Cherokee Warrior II,Piper PA-28-161 Cherokee Warrior II,1,Private,,28-7916269,1979
407D9C,G-CMFG,RV12,Van's,RV-12,Van's RV-12,1,Private,,121048,2021
407D9E,G-CMIR,EC35,Airbus Helicopters,EC135 T3,Airbus Helicopters EC135 T3,0,Airbus Helicopters UK,,2175,2022
407DA3,G-SKNC,GYRO,Rotorsport UK,MTO Sport,Rotorsport UK MTO Sport,1,Private,,RSUK/MTOS/066,2022
407DA4,G-IIXA,XA41,XtremeAir,Sbach 300,XtremeAir Sbach 300,0,Aerobatics Limited,,06,2012
407DA5,G-VJAZ,A339,Airbus,A330-941,Airbus A330-941,0,Virgin Atlantic,VIR,2018,2022
407DA8,G-MOPP,R44,Robinson,R44 Raven II,Robinson R44 Raven II,0,Complete Cleaning Services Ltd.,,13487,1990
407DAA,G-REXB,BE20,Beech,B200GT Super KingAir,Beech B200GT Super KingAir,0,RVL Aviation,,BY-427,2022
407DAB,G-LAMI,PA46,Piper,PA-46-350P,Piper PA-46-350P,0,Thompson & Co. (Vacuum) Ltd.,,4636798,2022
407DB1,G-POYA,C525,Cessna,525 CitationJet,Cessna 525 CitationJet,1,Private,,525-0181,1997
407DB5,G-HFAV,P28A,Piper,Archer DLX,Piper Archer DLX,1,Private,,2881517,2022
407DB8,G-SOVH,C525,Cessna,525 Citation CJ1+,Cessna 525 Citation CJ1+,0,SaxonAir,SXN,525-0675,2009
407DBF,G-DHLW,B77L,Boieng,777-F6N,Boieng 777-F6N,0,DHL Air UK,DHK,37714,2010
407DC0,G-YAAA,EC45,Airbus Helicopters,EC145,Airbus Helicopters EC145,0,Yorkshire Air Ambulance,,21147,2022
407DC1,G-YORX,EC45,Airbus Helicopters,H145,Airbus Helicopters H145,0,Yorkshire Air Ambulance,,21185,2022
407DC3,G-CMLM,RV7,Vans,RV-7,Vans RV-7,1,Private,,72379,2022
407DC4,G-GDAB,E550,Embraer,Praetor 600,Embraer Praetor 600,0,Edinburgh Air Charter,EDC,55020161,2022
407DC5,G-VTOM,A339,Airbus,A330-941,Airbus A330-941,0,Virgin Atlantic,VIR,2019,2022
407DCA,G-HMGC,BE20,Beech,200 Super King Air,Beech 200 Super King Air,1,Private,,BB-655,1980
407DCD,G-ISLO,AT75,ATR,72-212 A,ATR 72-212 A,0,Blue Islands,BCI,778,2008
407DCF,G-NPTH,B734,Boeing,737-43Q(SF),Boeing 737-43Q(SF),0,West Atlantic,NPT,28490,1996
407DD2,G-SUEG,DA40,Diamond,DA-40NG Diamond Star,Diamond DA-40NG Diamond Star,0,SueAir,,40.N572,2022
407DD3,G-XXLH,B505,Bell,505 JetRanger X,Bell 505 JetRanger X,0,Seafresh Group (Holdings) Ltd,,65447,2022
407DD5,G-EMMR,RV10,Van's,RV-10,Van's RV-10,1,Private,,40947,2022
407DD8,G-KFCN,NNJA,Skyranger,Nynja,Skyranger Nynja,0,Kemble Flying Centre,,344-14,2022
407DD9,G-YNWA,DA50,Diamond,DA50 RG,Diamond DA50 RG,1,Private,,50.C.A.A.020,2022
407DDA,G-MCEN,E550,Embraer,Praetor 600,Embraer Praetor 600,0,Edinburgh Air Charter,EDC,55020162,2022
407DDE,G-CMLY,EFOX,Aeropro,Eurofox 2K,Aeropro Eurofox 2K,0,Bath Wilts & North Dorset Gliding Club,,65422,2022
407DE1,G-VVMC,SR22,Cirrus,SR22,Cirrus SR22,1,Private,,8702,2022
407DE2,G-FRWL,ULAC,Flylight Airsports,Adam,Flylight Airsports Adam,1,Private,,DA217,2021
407DE4,G-LMRX,AT72,ATR,72-500(F) (72-212A),ATR 72-500(F) (72-212A),0,Loganair,LOG,577,1998
407DE5,G-ZYDA,DA40,Diamond,DA-40 Diamond Star,Diamond DA-40 Diamond Star,1,Private,,40N575,2022
407DE9,G-BRPC,BN2T,Britten-Norman,BN-2T Islander,Britten-Norman BN-2T Islander,0,Islander Aircraft,,2223,1991
407DED,G-LOGI,R66,Robinson,R66 Turbine,Robinson R66 Turbine,0,LA Helicopters,,1119,2021
407DF0,G-PODZ,TL30,TL Ultralight,TL-3000 Sirius,TL Ultralight TL-3000 Sirius,0,Mapperley Glamping,,22SI218,2022
407DF3,G-ISLR,S22T,Cirrus,SR22T,Cirrus SR22T,1,Private,,1846,2019
407DF6,G-GSAR,A139,AgustaWestland,AW139,AgustaWestland AW139,0,HeliOperations,,31136,2008
407DFC,G-POWT,A21N,Airbus,A321-251NX,Airbus A321-251NX,0,Titan Airways,AWC,08830,2019
407DFD,G-CPTZ,A169,Leonardo,AW169,Leonardo AW169,0,Sloane Helicopters,SLN,69043,2017
407DFE,G-TEMU,S22T,Cirrus,SR-22T Turbo,Cirrus SR-22T Turbo,1,Private,,8708,2022
407E04,G-YYES,SR20,Cirrus,SR20,Cirrus SR20,1,Private,,8701,2022
407E05,G-DKDK,C25M,Cessna,525 Citation M2,Cessna 525 Citation M2,0,Catreus,VCG,525-1117,2022
407E0B,G-KMTE,SR22,Cirrrus,SR22,Cirrrus SR22,0,KEYMT Installation,,4754,2019
407E0C,G-GGTR,ULAC,P&M Aviation,Quik GTR,P&M Aviation Quik GTR,1,Private,,W6015,
407E0F,G-IIZE,EDGE,Zivko,Edge 540-A,Zivko Edge 540-A,0,Airtime Aerobatics Ltd,,0029A,2001
407E11,G-SZTD,SLG2,Sling,LSA,Sling LSA,1,Private,,LAA 399-15646,
407E17,G-STJP,TL20,TL Ultralight,TL-2000 Sting S4,TL Ultralight TL-2000 Sting S4,1,Private,,22 ST 505,2022
407E19,G-EXTB,DH8D,De Havilland Canada,Dash 8-400,De Havilland Canada Dash 8-400,0,Flybe,BEE,4411,2012
407E1C,G-GIMT,DA62,Diamond,DA62,Diamond DA62,1,Private,,62.203,2022
407E1D,G-CMFI,AT76,ATR,72-600,ATR 72-600,0,Eastern Airways,EZE,1312,2016
407E21,G-VLDY,A339,Airbus,A330-941,Airbus A330-941,0,Virgin Atlantic,VIR,2025,2022
407E24,G-ULPY,M20T,Mooney,M20K,Mooney M20K,1,Private,,25-0665,1982
407E28,G-PAHM,B350,Beech,B300 King Air 350,Beech B300 King Air 350,0,The Little Jet Company,LJC,FL-672,
407E2E,G-TOWY,B505,Bell,505 JetRanger X,Bell 505 JetRanger X,0,Jones Brothers (Henllan) Ltd.,,65407,2022
407E31,G-CMJJ,AT76,Aerospatiale ATR,72-600,Aerospatiale ATR 72-600,0,Emerald Airlines,EAI,1324,2016
407E32,G-CMJM,AT76,Aerospatiale ATR,72-600,Aerospatiale ATR 72-600,0,Emerald Airlines,EAI,1464,2017
407E33,G-CMJN,AT76,ATR,72-600,ATR 72-600,0,Emerald Airlines,EAI,1471,2017
407E36,G-KANF,B505,Bell,505 Jet Ranger X,Bell 505 Jet Ranger X,0,Kane Haulage,,65420,2022
407E38,G-YOGA,AC11,Commander,114B,Commander 114B,1,Private,,14563,1992
407E39,G-NADE,B505,Bell,505 Jet Ranger X,Bell 505 Jet Ranger X,0,Cotswold Aviation,,65412,2022
407E3A,G-SOLE,C25M,Cessna,525 Citation M2,Cessna 525 Citation M2,0,Catreus,VCG,525-1124,2022
407E3B,G-RANL,A109,AgustaWestland,AW-109 Grand,AgustaWestland AW-109 Grand,1,Private,,22440,2022
407E3F,G-ECLH,A346,Airbus,A340-642,Airbus A340-642,0,European Cargo,URO,744,2006
407E40,G-CMLL,RV12,Van's,RV-12,Van's RV-12,1,Private,,LAA 363-15563,2022
407E42,G-LLWP,AP32,Aeroprakt,A32 Vixxen,Aeroprakt A32 Vixxen,0,Linlithgow PC,,LAA 411A-15832,2022
407E44,G-MSVO,A109,AgustaWestland,AW109S Grand,AgustaWestland AW109S Grand,0,JPM,,22067,2008
407E45,G-SUNB,A21N,Airbus,A321-251NX,Airbus A321-251NX,0,Jet2.com,EXS,11379,2023
407E46,G-SUNC,A21N,Airbus,A321-251NX,Airbus A321-251NX,0,Jet2.com,EXS,11489,2023
407E4A,G-JZBT,B738,Boeing,737-883,Boeing 737-883,0,Jet2.com,EXS,,
407E4C,G-NHHG,E55P,Embraer,Phenom 300,Embraer Phenom 300,0,Catreus,VCG,50500314,2015
407E4E,G-JZBT,B738,Boeing,737-883,Boeing 737-883,0,Jet2.com,EXS,34546,2009
407E53,G-SUNE,A21N,Airbus,A321-251NX,Airbus A321-251NX,0,Jet2.com,EXS,11638,2023
407E54,G-SUND,A21N,Airbus,A321-251NX,Airbus A321-251NX,0,Jet2.com,EXS,11564,2023
407E56,G-ONEE,B744,Boeing,747-433(BDSF),Boeing 747-433(BDSF),0,One Air,HGO,24998,1991
407E57,G-VAZE,R44,Robinson,R44 Raven II,Robinson R44 Raven II,1,Private,,1698,2006
407E58,G-CMJX,SIRA,Tecnam,P-Mentor,Tecnam P-Mentor,1,Private,,1006,2022
407E5A,G-PAAL,PA32,Piper,PA-32-301FT,Piper PA-32-301FT,1,Private,,3232055,
407E5F,G-EJCA,A320,Airbus,A320-214,Airbus A320-214,0,easyJet,EZY,5874,2013
407E60,G-EJCC,A320,Airbus,A320-214,Airbus A320-214,0,easyJet,EZY,6004,2014
407E61,G-EJCE,A320,Airbus,A320-214,Airbus A320-214,0,easyJet,EZY,6107,2014
407E63,G-EJCR,A320,Airbus,A320-214(WL),Airbus A320-214(WL),0,easyJet,EZY,6282,2014
407E68,G-JZBU,B738,Boeing,737-85P,Boeing 737-85P,0,Jet2.com,EXS,35706,2008
407E69,G-JZBW,B738,Boeing,737-85P,Boeing 737-85P,0,Jet2.com,EXS,35708,2008
407E6A,G-NGSA,EXNG,Extra,NG,Extra NG,0,Addy Aviation LLP,,NG044,2022
407E6D,G-CMKE,RV8,Van's,RV-8,Van's RV-8,1,Private,,83408,2018
407E6E,G-REWS,B505,Bell,505 Jet Ranger X,Bell 505 Jet Ranger X,0,Quadano,,65188,2019
407E6F,G-RNDX,E550,Embraer,Praetor 600,Embraer Praetor 600,0,Voluxis,VXS,55020165,2022
407E71,G-JZBV,B738,Boeing,737-85P,Boeing 737-85P,0,Jet2.com,EXS,35707,2008
407E72,G-PNZE,S76,Sikorsky,S76C,Sikorsky S76C,1,Private,,760689,
407E73,G-IOSH,S76,Sikorsky,S-76C,Sikorsky S-76C,0,Starspeed Ltd,,760657,
407E74,G-LMRV,AT75,ATR,72-500(F),ATR 72-500(F),0,Loganair,LOG,0782,2008
407E75,G-LMSB,AT46,ATR,42-600,ATR 42-600,0,Loganair,LOG,1004,2013
407E7A,G-XITE,B505,Bell,505 Jet Ranger X,Bell 505 Jet Ranger X,1,Private,,65388,2022
407E7B,G-TUMX,B38M,Boeing,737 MAX 8,Boeing 737 MAX 8,0,TUI Airways,TOM,44657,2023
407E7D,G-JZBX,B738,Boeing,737-8HX,Boeing 737-8HX,0,Jet2.com,EXS,36552,2008
407E82,G-RUKI,B738,Boeing,737-8AS,Boeing 737-8AS,0,Ryanair UK,RUK,33587,2006
407E84,G-FXVA,S76,Sikorsky,S-76,Sikorsky S-76,0,Halo Aviation,,760698,2007
407E85,G-BUUG,RF6,Slingsby,T67M Firefly,Slingsby T67M Firefly,1,Private,,2117,1993
407E86,G-CMKI,C152,Cessna,152,Cessna 152,1,Private,,15280900,1977
407E87,G-CMKJ,P28A,Piper,PA-28-161 Warrior II,Piper PA-28-161 Warrior II,1,Private,,28-8416086,
407E88,G-CMLB,EFOX,Aeropro,Eurofox 3K,Aeropro Eurofox 3K,1,Private,,66523,
407E89,G-CMMZ,EFOX,Eurofox,3K,Eurofox 3K,1,Private,,66423,2023
407E8A,G-LKDM,SLG2,Sonaca,S200,Sonaca S200,1,Private,,056,2022
407E8B,G-JJSN,R44,Robinson,R44 Raven II,Robinson R44 Raven II,0,Heatherway Taverns,,11799,2007
407E8C,G-MLML,S22T,Cirrus,SR22T,Cirrus SR22T,0,Bayes Aviation,,8876,2022
407E8E,G-SBNM,GLEX,Bombardier,G6500,Bombardier G6500,0,Jet Concierge Club,,60078,2022
407E8F,G-RAWM,R44,Robinson,R44 Raven II,Robinson R44 Raven II,0,Industrial Property,,14561,2022
407E92,G-DMBC,A33P,Schleicher,ASK-33Es,Schleicher ASK-33Es,1,Private,,33043,2022
407E97,G-JTBL,TWEN,Tecnam,P2010,Tecnam P2010,1,Private,,231,2023
407E99,G-KEVF,NG5,BRM,Aero Bristell NG5,BRM Aero Bristell NG5,1,Private,,LAA 385-15814,2023
407E9B,G-JPHH,TWEN,Tecnam,P2010 P TwentyTen,Tecnam P2010 P TwentyTen,1,Private,,230,2023
407E9C,G-GNEE,C42,Ikarus,C42 FB100 Charlie,Ikarus C42 FB100 Charlie,0,Genius Aviation Syndicate,,2202-7678,2022
407E9D,G-CMTZ,PIAT,Pipistrel,Alpha BCAR-S 164A,Pipistrel Alpha BCAR-S 164A,0,Fly About Aviation,,AT164A0012,2024
407E9E,G-ESRC,M600,Piper,PA-46-M600,Piper PA-46-M600,0,Rockford Aviation,,4698221,2022
407E9F,G-CMLI,E170,Embraer,E170LR,Embraer E170LR,0,Eastern Airways,EZE,17000093,2005
407EA0,G-DHLP,B763,Boeing,767-316(ER)(BCF),Boeing 767-316(ER)(BCF),0,DHL Air UK,DHK,41996,2013
407EA1,G-DHLO,B763,Boeing,767-316ER(BCF)(WL),Boeing 767-316ER(BCF)(WL),0,DHL Air UK,DHK,40592,2012
407EA8,G-CMLX,NNJA,Flylight Airsports,Skyranger Nynja,Flylight Airsports Skyranger Nynja,1,Private,,258-17,2022
407EAD,G-EXTA,DH8D,De Havilland Canada,Dash 8-400,De Havilland Canada Dash 8-400,0,Flybe,BEE,4424,2012
407EB0,G-IIGB,GB1,Game Composites,GB1 Gamebird,Game Composites GB1 Gamebird,0,Airtime Aerobatics,,0056,2022
407EB2,G-TTNU,A20N,Airbus,A320-251N,Airbus A320-251N,0,British Airways,BAW,11403,2023
407EB3,G-ETGA,PC12,Pilatus,PC-12 NGX,Pilatus PC-12 NGX,1,Private,,2212,2022
407EB5,G-DHLV,B77L,Boeing,777-F,Boeing 777-F,0,DHL Air UK,DHK,67142,2023
407EB7,G-CMLV,TL20,TL Ultralight,TL-2000 Sting S4,TL Ultralight TL-2000 Sting S4,1,Private,,23 ST 508,2023
407EB8,G-LILB,RV3,Van's,RV-3B,Van's RV-3B,1,Private,,10159,2007
407EBF,G-FOOJ,SUBA,Fuji,FA-200 Aero Subaru,Fuji FA-200 Aero Subaru,1,Private,,FA200-165,
407EC0,G-ORNG,MM16,Magni,M16C,Magni M16C,0,Gyromania,,16-22-4214,2022
407EC3,G-SCOP,TAMP,SOCATA,TB9 Tampico,SOCATA TB9 Tampico,1,Private,,158,1980
407EC6,G-COXE,CC19,CubCrafters,NXCub,CubCrafters NXCub,1,Private,,CC19-0067,2022
407ECB,G-SHDF,A139,AgustaWestland,AW139,AgustaWestland AW139,0,Executive Jet Charter,EXJ,32003,2022
407ECD,G-GJIM,DA62,Diamond,DA-62,Diamond DA-62,1,Private,,62.261,2022
407ECE,G-NJAE,F2TH,Dassault,Falcon 200EX EASy,Dassault Falcon 200EX EASy,0,Netjets UK,NJU,115,2007
407ED0,G-ENDG,C42,Ikarus,C42,Ikarus C42,1,Private,,42C-7695,2022
407ED4,G-PPPT,A109,Agusta,A109SP,Agusta A109SP,0,Sloane Helicopters,SLN,22443,2022
407ED8,G-VEII,A339,Airbus,A330-941,Airbus A330-941,0,Virgin Atlantic,VIR,2029,2023
407EDE,G-SPEN,PC12,Pilatus,PC-12 NGX,Pilatus PC-12 NGX,0,NIC Property Services,,2157,2022
407EE4,G-TJPK,A109,AgustaWestland,AW109 SP,AgustaWestland AW109 SP,0,Botany Aviation,,22444,2023
407EE8,G-MCAD,T206,Cessna,Turbo Stationair HD,Cessna Turbo Stationair HD,1,Private,,T20609715,2023
407EEB,G-SUNF,A21N,Airbus,A321-251NX,Airbus A321-251NX,0,Jet2.com,EXS,11720,2023
407EEC,G-UZLP,A20N,Airbus,A320-251N,Airbus A320-251N,0,easyJet,EZY,11707,2023
407EF3,G-MAKO,SHRK,Shark,Aero 600,Shark Aero 600,0,The Light Aircraft Company,,113,
407EF6,G-IVYY,C42,Ikarus,C42 FB100 Bravo,Ikarus C42 FB100 Bravo,1,Private,,42B-7688,2023
407EF7,G-ETPR,B350,Beech,B300 King Air 350,Beech B300 King Air 350,0,EIS Aircraft,EIS,FL-727,2010
407EF9,G-WBRN,R66,Robinson,R66 Turbine,Robinson R66 Turbine,1,Private,,1223,
407F00,G-LZRI,E550,Embraer,Praetor 600,Embraer Praetor 600,0,Centreline,CLF,55020178,2023
407F02,G-CMOM,P28A,Piper,PA-28-161,Piper PA-28-161,0,Falcon Flying Services,,2841276,1989
407F0A,G-CMOT,EFOX,Eurofox,2K,Eurofox 2K,1,Private,,67123,2023
407F0D,G-RUKK,B738,Boeing,737-8AS,Boeing 737-8AS,0,Ryanair UK,RUK,37526,2009
407F0E,G-RUKJ,B738,Boeing,737-8AS,Boeing 737-8AS,0,Ryanair UK,RUK,36576,2008
407F11,G-MDSZ,PC12,Pilatus,PC-12 NGX,Pilatus PC-12 NGX,0,Select Aircrafts Ltd,,2237,2023
407F12,G-CMNG,C42,Aerosport,Ikarus C42 FB100,Aerosport Ikarus C42 FB100,1,Private,,2203-7683,
407F16,G-CMPE,C42,Ikarus,C42 FB100 Charlie,Ikarus C42 FB100 Charlie,0,The Light Aircraft Company,,2203-7682,2023
407F19,G-VBOB,A35K,Airbus,A350-1041,Airbus A350-1041,0,Virgin Atlantic,VIR,605,2023
407F1D,G-OUTY,DA50,Diamond,DA50C,Diamond DA50C,1,Private,,50.C.A.A.036,2023
407F1E,G-RUKL,B738,Boeing,737-8AS,Boeing 737-8AS,0,Ryanair UK,RUK,33572,2005
407F1F,G-RUKM,B738,Boeing,737-8AS,Boeing 737-8AS,0,Ryanair UK,RUK,37527,2009
407F25,G-NGLL,NG5,BRM Aero,Bristell,BRM Aero Bristell,1,Private,,LAA 385-15835,2023
407F27,G-FORB,NG5,Bristell,NG5 Speed Wing,Bristell NG5 Speed Wing,1,Private,,LAA 385-15843,2023
407F2B,G-XWBN,A35K,Airbus,A350-1041,Airbus A350-1041,0,British Airways,BAW,609,2023
407F2C,G-XWBO,A35K,Airbus,A350-1041,Airbus A350-1041,0,British Airways,BAW,617,2023
407F2D,G-XWBP,A35K,Airbus,A350-1041,Airbus A350-1041,0,British Airways,BAW,623,2023
407F31,G-NEEV,TL30,TL Ultralight,TL-3000 Sirius,TL Ultralight TL-3000 Sirius,1,Private,,23 SI 229,2023
407F35,G-EJCP,A320,Airbus,A320-214,Airbus A320-214,0,easyJet,EZY,6320,2014
407F38,G-SUNG,A21N,Airbus,A321-251NX,Airbus A321-251NX,0,Jet2.com,EXS,11799,2024
407F3F,G-MIAP,GL7T,Bombardier,Global 7500,Bombardier Global 7500,0,Catreus,VCG,70148,2023
407F40,G-KSMC,C42,Ikarus,C42 FB100 Charlie,Ikarus C42 FB100 Charlie,1,Private,,42C-7696,
407F41,G-CMMK,AT76,Aerospatiale ATR,72-600,Aerospatiale ATR 72-600,0,Emerald Airlines,EAI,1297,2015
407F42,G-CMMN,AT76,ATR,72-600,ATR 72-600,0,Emerald Airlines,EAI,1069,2013
407F43,G-CMMT,AT76,ATR,72-600,ATR 72-600,0,Emerald Airlines,EAI,1109,2013
407F46,G-DPBL,A109,AgustaWestland,AW109SP GrandNew,AgustaWestland AW109SP GrandNew,0,Sloane Helicopters,SLN,22446,2023
407F48,G-PFLY,S22T,Cirrus,SR-22T,Cirrus SR-22T,1,Private,,8965,
407F49,G-CMOG,SLG2,Sling,LSA,Sling LSA,1,Private,,LAA 399-15749,2023
407F4C,G-LMTF,AT76,ATR,72-600,ATR 72-600,0,Loganair,LOG,1054,2012
407F4E,G-TJAE,DA42,Diamond,DA42,Diamond DA42,1,Private,,42.033,2005
407F4F,G-RASP,AP32,Aeroprakt,A32 Vixxen,Aeroprakt A32 Vixxen,1,Private,,LAA 411-15841,2023
407F50,G-TTCK,C25B,Cessna,525B CitationJet CJ3+,Cessna 525B CitationJet CJ3+,0,NALjets,,525B-0534,2018
407F53,G-LXBB,WT9,Aerospool,WT-9 Dynamic LSM,Aerospool WT-9 Dynamic LSM,0,LX Aviation,,DY-729G,2023
407F58,G-HMGF,B350,Beech,King Air 350,Beech King Air 350,0,2Excel Aviation,BRO,FL-402,2004
407F5A,G-GLCM,P32R,Piper,PA-32R-300,Piper PA-32R-300,1,Private,,32R-7680422,1976
407F5F,G-EJCO,A320,Airbus,A320-214,Airbus A320-214,0,easyJet,EZY,05648,2013
407F60,G-EJCG,A320,Airbus,A320-214,Airbus A320-214,0,easyJet,EZY,04033,2009
407F61,G-EJCH,A320,Airbus,A320-214,Airbus A320-214,0,easyJet,EZY,4316,2010
407F62,G-EJCV,A320,Airbus,A320-214,Airbus A320-214,0,easyJet,EZY,06651,2015
407F63,G-EJCK,A320,Airbus,A320-214,Airbus A320-214,0,easyJet,EZY,5522,2013
407F64,G-EJCD,A320,Airbus,A320-214,Airbus A320-214,0,easyJet,EZY,3945,2009
407F65,G-EJCF,A320,Airbus,A320-214,Airbus A320-214,0,easyJet,EZY,03995,2009
407F66,G-EJCI,A320,Airbus,A320-214,Airbus A320-214,0,easyJet,EZY,04581,2011
407F67,G-EJCJ,A320,Airbus,A320-214,Airbus A320-214,0,easyJet,EZY,04594,2011
407F6E,G-OHJK,B738,Boeing,737-82R(BCF),Boeing 737-82R(BCF),0,ASL Airlines UK,ABV,35701,2008
407F71,G-ZEAA,DA62,Diamond,DA62,Diamond DA62,0,2Excel Aviation,BRO,62.145,2021
407F72,G-GOAT,AS50,Airbus Helicopters,H125,Airbus Helicopters H125,1,Private,,9413,2023
407F74,G-VALH,DR40,Robin,DR400/180,Robin DR400/180,1,Private,,2770,2022
407F76,G-LAAA,EC35,Airbus Helicopters,H135,Airbus Helicopters H135,0,UK HEMS,HLE,2242,2023
407F77,G-CMPM,NNJA,Skyranger,Nynja,Skyranger Nynja,1,Private,,365-20,2023
407F79,G-UJEA,A20N,Airbus,A320-251N,Airbus A320-251N,0,easyJet,EZY,11230,2023
407F7A,G-UJEB,A20N,Airbus,A320-251N,Airbus A320-251N,0,easyJet,EZY,11242,2023
407F7B,G-JZDA,B738,Boeing,737-82R,Boeing 737-82R,0,Jet2.com,EXS,40014,2012
407F7C,G-JZDB,B738,Boeing,737-8KN,Boeing 737-8KN,0,Jet2.com,EXS,40261,2013
407F7D,G-JZDC,B738,Boeing,737-82R,Boeing 737-82R,0,Jet2.com,EXS,40881,2013
407F80,G-PLTS,PC12,Pilatus,PC-12 NGX,Pilatus PC-12 NGX,1,Private,,2071,2021
407F84,G-GHST,C42,Ikarus,C-42,Ikarus C-42,1,Private,,2203-7684,
407F85,G-LMTB,AT76,ATR,72-600,ATR 72-600,0,Loganair,LOG,1096,2013
407F86,G-HMGG,B350,Beech,King Air 350,Beech King Air 350,0,2Excel Aviation,BRO,FL-425,2005
407F88,G-GXVV,SR20,Cirrus,SR20,Cirrus SR20,0,Daedalus Aviation,,9274,2023
407F89,G-FRGP,A109,Leonardo,AW109SP,Leonardo AW109SP,0,Sloane Helicopters,SLN,22447,2023
407F8C,G-DRTV,B738,Boeing,737-8AL,Boeing 737-8AL,0,Jet2.com,EXS,40554,2015
407F8D,G-DRTX,B738,Boeing,737-8AL,Boeing 737-8AL,0,Jet2.com,EXS,40555,2015
407F8E,G-SOVR,C525,Cessna,525 CitationJet,Cessna 525 CitationJet,1,Private,,525-0144,1996
407F8F,G-CMNL,SKRA,Skyranger,Swift 912S,Skyranger Swift 912S,1,Private,,BMAA/HB/749,2023
407F92,G-CMPN,ULAC,Flylight Airsports,Exodus DeltaJet 500 Stingray,Flylight Airsports Exodus DeltaJet 500 Stingray,1,Private,,EA 014,2023
407F94,G-DHLR,B763,Boeing,767-316(ER)(BCF),Boeing 767-316(ER)(BCF),0,DHL Air UK,DHK,41748,2012
407F96,G-TUKR,B738,Boeing,737-8K5,Boeing 737-8K5,0,TUI Airways,TOM,37260,2011
407F97,G-LZZI,EC45,Airbus,Helicopters H145 D3,Airbus Helicopters H145 D3,0,Wycombe Management Services,,21204,2023
407F99,G-CMNS,PIVI,Pipistrel,Virus SW-128,Pipistrel Virus SW-128,0,Fly About Aviation,,VSW1270021,2023
407F9D,G-GAPC,S22T,Cirrus,SR22T,Cirrus SR22T,1,Private,,9341,2023
407F9F,G-LJMJ,S22T,Cirrus,SR22T,Cirrus SR22T,1,Private,,9120,2023
407FA0,G-RORE,E550,Embraer,Praetor 600,Embraer Praetor 600,1,Private,,55020179,2023
407FA1,G-OBOE,NNJA,Skyranger,Nynja,Skyranger Nynja,1,Private,,1157-21,2023
407FA5,G-GWOW,S22T,Cirrus,SR22T,Cirrus SR22T,1,Private,,9342,2023
407FA7,G-DOGR,EC35,Eurocopter,EC135 T3,Eurocopter EC135 T3,1,Private,,2228,
407FA8,G-HJBM,HDJT,Hondajet,Elite,Hondajet Elite,0,Bookajet,BOO,42000177,2019
407FAA,G-OFFC,A109,Leonardo,AW109SP,Leonardo AW109SP,0,SaxonAir,SXN,22448,
407FAC,G-TUOB,B38M,Boeing,737 MAX 8,Boeing 737 MAX 8,0,TUI Airways,TOM,44636,2024
407FAD,G-TUOA,B38M,Boeing,737 MAX 8,Boeing 737 MAX 8,0,TUI Airways,TOM,44635,2024
407FAE,G-TUMZ,B38M,Boeing,737 MAX 8,Boeing 737 MAX 8,0,TUI Airways,TOM,44663,2024
407FAF,G-TUMY,B38M,Boeing,737 MAX 8,Boeing 737 MAX 8,0,TUI Airways,TOM,44619,2024
407FB0,G-CMNW,DA62,Diamond,DA62,Diamond DA62,1,Private,,62.237,2023
407FB5,G-DBSD,GL7T,Bombardier,Global 7500,Bombardier Global 7500,0,Concierge U,,70143,2023
407FBA,G-MSHP,M600,Piper,PA-46-M600,Piper PA-46-M600,1,Private,,4698250,2023
407FC0,G-CMOA,C152,Cessna,152,Cessna 152,1,Private,,15286000,1985
407FC1,G-WUKW,A21N,Airbus,A321-271NX,Airbus A321-271NX,0,Wizz Air UK,WUK,11547,2023
407FC2,G-WUKV,A21N,Airbus,A321-271NX,Airbus A321-271NX,0,Wizz Air UK,WUK,11492,2023
407FC3,G-WORD,B505,Bell,505 Jet Ranger X,Bell 505 Jet Ranger X,1,Private,,65473,2023
407FC4,G-CMPI,E170,Embraer,E170LR,Embraer E170LR,0,Eastern Airways,EZE,17000029,2004
407FC7,G-UJEC,A20N,Airbus,A320-251N,Airbus A320-251N,0,easyJet,EZY,11549,2023
407FC9,G-TNEA,A21N,Airbus,A321-251NX,Airbus A321-251NX,0,British Airways,BAW,11603,2023
407FCA,G-TNEB,A21N,Airbus,A321-251NX,Airbus A321-251NX,0,British Airways,BAW,11585,2023
407FCB,G-TNEC,A21N,Airbus,A321-251NX,Airbus A321-251NX,0,British Airways,BAW,11744,2023
407FCC,G-XWBR,A35K,Airbus,A350-1041,Airbus A350-1041,0,British Airways,BAW,639,2023
407FCD,G-XWBS,A35K,Airbus,A350-1041,Airbus A350-1041,0,British Airways,BAW,652,2024
407FD1,G-CMRE,C42,Ikarus,C42 FB100 Charlie,Ikarus C42 FB100 Charlie,0,Balado Airfield,,42C-7702,2023
407FD2,G-DHLU,B77L,Boeing,777-F6N,Boeing 777-F6N,0,DHL Air UK,DHK,37717,2011
407FD5,G-CMOE,DA50,Diamond,DA-50,Diamond DA-50,1,Private,,50.C.A.A.048,
407FD6,G-CMRD,C42,Ikarus,C42 FB100 Charlie,Ikarus C42 FB100 Charlie,1,Private,,42C-7703,2023
407FD7,G-RESA,A139,Leonardo,AW139,Leonardo AW139,0,Bristow Helicopters,BHL,32037,2024
407FD9,G-OTST,DA42,Diamond,DA42 NG Twin Star,Diamond DA42 NG Twin Star,0,BAE Systems,BAE,42.N513,2023
407FDA,G-WUKX,A21N,Airbus,A321-271NX,Airbus A321-271NX,0,Wizz Air UK,WUK,11615,2023
407FDD,G-LAAB,EC35,Airbus Helicopters,H135,Airbus Helicopters H135,0,London's Air Ambulance,,2246,2023
407FDF,G-KORU,RV9,Van's,RV-9,Van's RV-9,1,Private,,LAA 320-15460,2023
407FE0,G-JCAN,GLEX,Bombardier,Global 6500,Bombardier Global 6500,0,Voluxis,VXS,60092,2023
407FE3,G-TLDM,TL30,TL ULTRALIGHT SRO,TL-3000 SIRIUS 600,TL ULTRALIGHT SRO TL-3000 SIRIUS 600,1,Private,,23 SI 233,2023
407FE4,G-EMHF,A109,AgustaWestland,AW109SP Grand New,AgustaWestland AW109SP Grand New,0,East Midlands Helicopters,CTK,22451,2023
407FE8,G-MIIO,VENT,Schempp-Hirth,Ventus-3M,Schempp-Hirth Ventus-3M,1,Private,,229 MP,2023
407FEA,G-WUKY,A21N,Airbus,A321-271NX,Airbus A321-271NX,0,Wizz Air UK,WUK,11505,2023
407FF1,G-OASB,AT75,ATR,72-500(F),ATR 72-500(F),0,ASL Airlines UK,ABV,0679,2001
407FF3,G-HITC,AS50,Airbus Helicopters,H125,Airbus Helicopters H125,0,Ferns Surfacing,,9429,2023
407FF4,G-WUKZ,A21N,Airbus,A321-271NX,Airbus A321-271NX,0,Wizz Air UK,WUK,11573,2023
407FF6,G-UAUK,AP32,Aeroprakt,A32 Vixxen,Aeroprakt A32 Vixxen,1,Private,,LAA 422A-15870,2023
407FFA,G-CMSE,NNJA,Skyranger,Nynja 912S,Skyranger Nynja 912S,1,Private,,BMAA/HB/746,2023
407FFB,G-GOST,P28A,Piper,PA-28-181,Piper PA-28-181,1,Private,,2881125,2019
407FFD,G-TUGD,EFOX,Aeropro,Eurofox 3K,Aeropro Eurofox 3K,1,Private,,68323,2023
407FFE,G-SRXX,SR20,Cirrus,SR20,Cirrus SR20,1,Private,,9161,2023
407FFF,G-UZLS,A20N,Airbus,A320-251N,Airbus A320-251N,0,easyJet,EZY,11896,2024
